id,prediction
5829da64e4b051c58fcef11a,
587b9b50e4b08f2486cd58c1,
5789ce5de4b0022659314a39,
58bf17bae4b0bec08aa033f9,
58418a68e4b0bb9d6a0d716b,
5848b4fee4b0c75b2e3347e0,
574ef3ede4b0c6a2b784f993,
56d33a9de4b0eb6ab8f7b11b,
56a16dcde4b09669a15b3d2f,
58a3c7ffe4b0040d042fc6c0,
58922c5de4b08f24a71f9a06,
563bdb4fe4b07887b4785291,
56918fabe4b08fd46a008c09,
586bd9c2e4b08f247102d075,
56944806e4b08fd46bb1110b,
58a23bdae4b0040d01bc1cae,
56562a7de4b0819f368c44d7,
58c6a8d8e4b0d10d69a9940b,
58c96933e4b0d10d6e91641d,
5769b3dbe4b0ab6c50225298,
5659e72ce4b0819f38a5ae8c,
58c74192e4b0d10d6b72e650,
573d1e24e4b0d2e972464659,
58960745e4b08f24abec0e65,
5854d9aee4b08f245eed3503,
57a39168e4b0d0502fb82ad4,
576ae6d6e4b02bf63f323d3a,
576abdb2e4b02bf63e748445,
5672d63ae4b08b757b85bb19,
571e932de4b0c402fa30bb6f,
57bf0ce5e4b033e6e8f441c4,
58b731cde4b0b6fca8d5feb6,
589254e3e4b08f24a77b50bc,
587137d0e4b08f2477d0c5d5,
58acd06ae4b0bf804c773ca8,
58419c5be4b0bb9d6a323057,
55719adfe4b067671b35df42,
584d358ee4b0286c5226bb6d,
56a32124e4b09669a273628c,
556dea2fe4b039c5011c2bad,
587ffdc5e4b08f249070e091,
55f06933e4b0a44aba1e2124,
565711f3e4b0819f36e13d27,
56fff54fe4b0f1e5d3257cf2,
577685e7e4b02aa0e0c43684,
554a52e2e4b020ddbd73ca9b,
57b73a8fe4b0104a2ab33fc2,
586a6f98e4b08f246ffb5220,
588badefe4b08f249fa3cbeb,
584f1631e4b0286c54b3e7fb,
54cce897e4b0ba763e46c138,
554a9fece4b020ddbd9ae134,
55109948e4b05ed2bca22bf8,
58afdb43e4b0bf80507b714d,
58a6052de4b074c62fc09dd9,
571a8c64e4b0cd5766aa588b,
588b3c8be4b08f249ec09375,
58503720e4b065b075b188d8,
5659b94fe4b0819f386e5a28,
577b3ee7e4b02aa0e3c8dd45,
55f31466e4b05a3ee3162405,
5841e1c9e4b0bb9d6ac3a734,
57ba4deae4b0104a2d098b8b,
567b7a69e4b0d5acf6e87448,
57d93e86e4b084ddd32c08e2,
58542c57e4b08f245e1ccc3c,
58c0bbe7e4b0bec08ce9964a,
584f00cde4b0286c54786d84,
5894a0d1e4b08f24aa8b78c5,
583aeccae4b0bb9d6503023f,
58af9653e4b0bf8050560945,
58519922e4b065b077daf6c8,
585d2cdae4b08f24679e7a76,
564f9369e4b05a02bf1842a1,
58adef77e4b0bf804dd63eda,
55d276f5e4b0ba7ec3fca42b,
57b34637e4b0104a24902b88,
574bdad6e4b061d2bce13623,
56b135efe4b01d71c2dea3a4,
58829babe4b08f2494a34d66,
563d1cc3e4b03fcc6c4623b4,
584d7906e4b0286c524f159e,
5883cbd1e4b08f2495b406ef,
58528374e4b08f245ad09ca2,
55d0a6f2e4b0ba7ec2667ffb,
5684a7a3e4b0d5acfb03afc1,
587a7697e4b08f2485c2b7ea,
585de9e0e4b08f2468839a34,
57c95ef6e4b092499b6c0520,
586fa151e4b08f2475fc9120,
56da4e48e4b0b6f022ef5b53,
57a214c1e4b0d0502d583798,
57139415e4b0cd575efd6229,
58596782e4b08f246455a600,
55420c5ae4b050e8bd9b856e,
589204b6e4b08f24a6ba6560,
56ba008ae4b0044c31f77bcc,
58c0e63ae4b0bec08d011f35,
56799141e4b0d5acf55d7233,
587aa17ce4b08f24860e7177,
56917e76e4b08fd469f4dbec,
5851d991e4b065b0786585a0,
587924c2e4b08f2483d8e1d2,
5874e499e4b08f247ab41a80,
56e1bc39e4b06003ea8a38d3,
58c0699be4b0bec08c6cab82,
56d7de64e4b0ea8a4791d235,
58b6e6c5e4b0b6fca8154e4f,
5877ea59e4b08f248135a742,
577bf978e4b02aa0e5bb64fd,
56b13a88e4b01d71c2e1a7e5,
56ef49a0e4b078dd38bd78d3,
57b48966e4b0104a2696b0f6,
56981fe0e4b096699b46906f,
565cb5b7e4b0819f3affaf41,
55c8fe58e4b0c2b5e15914ee,
584314c2e4b0bb9d6c0a6777,
56c4e78de4b081940c800028,
55e851c6e4b0dab8c063e4ad,
587bdd9ce4b08f248744b2e8,
58581e8de4b08f2462afc457,
564cd87fe4b05a02bc80262e,
557335e6e4b0a0313742a8ef,
586e6afce4b08f2474560b94,
583c92fbe4b0bb9d65d4091e,
58433c32e4b0bb9d6c32d28a,
589762eae4b08f24ac931a59,
56f588bce4b030e93c9843f7,
58580eb2e4b08f2462808af1,
56879cc1e4b029b13f2f161e,
56eae789e4b0b801623c792a,
5834771ae4b0bb9d63533d38,
58cbdb6be4b0b0437ccac7ca,
5842d959e4b0bb9d6bb2ec89,
58189ce0e4b024d6fb36e207,
57066d80e4b03c1abeb260d8,
5845ba2ee4b0bb9d6e69de17,
561ed234e4b0efa8a72b62a8,
56ceed33e4b05b76b47108b1,
5681dafbe4b0d5acf93ffc2c,
57003812e4b0f1e5d37bb9cc,
566bad0fe4b098050ab1f99f,
5872659ae4b08f24785a4f8b,
58b4a715e4b0d99c3e2935e1,
5698f6e8e4b096699ba041e7,
56840af9e4b0d5acfa75a383,
56675426e4b098050613059e,
581208b5e4b04db4de32e1e0,
58473eafe4b0c75b2c17d071,
56cb4c0ae4b0bd0e4275136a,
5852ffbce4b08f245c0d37b8,
56d72a38e4b0ea8a470f4c60,
58517401e4b065b077786167,
55fec6ebe4b005f2024d4a9a,
57d839a3e4b084ddd203287e,
56c76c96e4b0bd0e40f2bff2,
559330e9e4b0f7a4d66f5d30,
5708f6efe4b06ef47f9bf58a,
5679a22ee4b0d5acf57e3c8a,
561442dfe4b0e4c9191737fc,
571e57e6e4b0c402f9755c86,
55e9f0b5e4b0a44ab7143fbc,
58aa354fe4b074c633e41df3,
580a4f4fe4b0b41b54448385,
5878a02fe4b08f24823c1aae,
55cf9b59e4b0ba7ec21551b6,
58c801c3e4b0d10d6c28b5d8,
5856a495e4b08f246083ac55,
561d6114e4b0efa8a6001694,
585812b3e4b08f24628f563b,
586aac80e4b08f24703b3cc9,
57c86a08e4b092499a393e8e,
587c2829e4b08f2487b43965,
5873caece4b08f2479b5ef7e,
560029dae4b09787d896eda9,
58a1e2fbe4b0040d006f23bf,
57c588b5e4b033e6eff36fc1,
55cce091e4b0a7fb113ebfb6,
58b5bb41e4b0b6fca6aa9c92,
5808fa4be4b0b41b541b5a4a,
567ea267e4b0d5acf7b8653a,
57486c12e4b080abc3b658a3,
55cc88f3e4b0a7fb10b4a36f,
58795337e4b08f248468e9ec,
566099b2e4b0100e828c1757,
58c3ea5be4b0a6c9a1f82e9c,
58929344e4b08f24a7e73b2a,
583c99c3e4b0bb9d65ddba21,
585d4cc9e4b08f2467f0a1d5,
575f2102e4b0f03e21df97d0,
585481e6e4b08f245eb0a7fb,
56291c6de4b0b681bb5941b2,
58b570dee4b0b6fca629d4cf,
584e5471e4b0286c530b4fc2,
589cfa20e4b0040dfc8f3758,
584eec15e4b0286c543475d9,
583c0e41e4b0bb9d65435c29,
589b45ebe4b0040dfa3df1da,
56b4aec7e4b0044c2ec4ee89,
57d30449e4b084ddcc825414,
56804285e4b0d5acf8398487,
57b4dc32e4b0104a2749eed2,
568b353fe4b0e9972092c86a,
554d3402e4b068f007fda998,
56afcbb0e4b01d71c2073bb7,
57491ecfe4b080abc4d9106f,
584ed38ae4b0286c53ce6538,
58710b18e4b08f24778ef229,
574f8abde4b0c6a2b8ed369f,
55c797c1e4b0c2b5dfd1d7d0,
58b79b67e4b0b6fca9612c30,
5845d8eee4b0bb9d6ebc9604,
588a7698e4b08f249e372d66,
58bb4b9ae4b0b6fcadcee7a4,
5626f2fce4b003d9a013cf50,
56a1a4ace4b09669a17b9f2a,
58972d2de4b08f24ac74be14,
58c6d424e4b0d10d6a7212da,
57d1834ae4b00f8581c5cd99,
5780ce21e4b02aa0ecac122f,
587d001de4b08f248926c028,
585d313ce4b08f2467a8293c,
57727d0de4b0cd06528600b5,
585357a7e4b08f245cae9ee5,
57b275bee4b0d0504223c0b7,
5706c50de4b06ef47db29864,
58c1f3a5e4b0a6c99fddef9b,
5711196de4b0cd575d670dc0,
57f94ff1e4b0b41b528fdda5,
5658cf18e4b0819f380f52e6,
575f1f2de4b0f03e21de2cd1,
586c99d7e4b08f2471fc1ddd,
58b4e828e4b0d99c3e7b6769,
58611acce4b08f2469c600a4,
58765637e4b08f247d0116eb,
567e4fa7e4b0f7dc12ec703b,
584984c0e4b0286c4daf87d6,
5856f636e4b08f2461098bed,
560fe224e4b0e4c91650aba7,
58ab4eb9e4b0bf8049e95223,
58c6a8b6e4b0d10d69a955ab,
585c33e1e4b08f24672ce210,
563121afe4b0ad375dd2682d,
561eb736e4b0efa8a7043d6b,
5637fdf8e4b07887b1443b13,
56a2870be4b09669a21426b5,
57b752a0e4b0104a2ae90be7,
58af0bcbe4b0bf804f22661e,
56a93d5be4b092947ff04a3e,
589a1310e4b0040df8f9bfef,
583e3dfde4b0bb9d672dcae5,
58b9f485e4b0b6fcacbd4995,
57b83b60e4b0104a2b817e25,
58666e91e4b08f246e0644c5,
58594f30e4b08f2464196bd7,
5744a35ee4b061d2ab58091b,
58b4720de4b0bf80546a611d,
56ef494ce4b0ec1902690143,
5833858ee4b0bb9d62cd7acb,
585c462fe4b08f24673ee5d3,
56fa094ce4b030e93f8f6a33,
57b490afe4b0104a26a9a782,
5889d765e4b08f249cf6f0f2,
56fac1b8e4b030e940381638,
578d3dd5e4b002265bee895b,
58a09f70e4b0040dff00eb68,
562bab46e4b0b681bce47fdb,
5707fc4ee4b06ef47f015b34,
58419497e4b0bb9d6a20682c,
568ca19ae4b05bcf3c44f959,
584af01ee4b0286c5011ebad,
587a3a85e4b08f24855010ed,
5878a996e4b08f2482436061,
5887b789e4b08f249a8d7838,
584085a1e4b0bb9d694798aa,
58ad9a74e4b0bf804d0d865c,
58c26d3ae4b0a6c9a02d303c,
58a20dade4b0040d0127fc2c,
58b447ffe4b0bf8053d6f56c,
585e1353e4b08f24688f67d7,
58a9cf5ae4b074c63383789d,
563ca118e4b07887b4e8cb2e,
5833a917e4b0bb9d62df3f6b,
57c9f8cce4b092499ca810cd,
576e16bde4b02bf643f201db,
58988898e4b0040df698eab2,
5882819de4b08f2494747e7c,
57ac8cfbe4b0d0503abe22f3,
55db8069e4b007a1dcafd6fc,
55dbce4be4b0ddd31fa1075a,
5660fc12e4b0100e830c142e,
571e925ee4b0c402fa2f9c3b,
578631aee4b01c1b693f0e32,
56a64b01e4b0d9d0ade30761,
57d03851e4b09249a29a60cf,
56758b5fe4b08b757df72f61,
58ab0580e4b0bf80493aa7a2,
56818f5de4b0d5acf8f48cf9,
56b0fd3fe4b01d71c2af8b67,
5849e6c0e4b0286c4eab5158,
5681a2cbe4b0d5acf9114d9b,
5763fd55e4b01f753fc64746,
55f05d4ee4b08cc0e45c846e,
562fd611e4b0ad375cb7aaf0,
563c133ee4b07887b4b7e32e,
58b1cc89e4b0bf805244e047,
55df99eee4b09983d381c668,
58af1af9e4b0bf804f53bf1e,
5874281ce4b08f247a564903,
564bfbfce4b033d9d78620b5,
551625c8e4b0d236381b0a40,
573a431be4b02820492d75b4,
58273e76e4b051c58f583f51,
56649011e4b0100e85a7b25a,
5717b38fe4b0cd57634372a3,
5852d7bfe4b08f245b9e963a,
588a1d3de4b08f249d5fb47e,
583f00a9e4b0bb9d67ac3733,
5891fc4ce4b08f24a6a72130,
55d7a3bce4b015c918c98d20,
58756b21e4b08f247bf00f6b,
58532787e4b08f245c5e95f8,
58c87ba6e4b0d10d6d755a42,
58c5e2bce4b0a6c9a3b5b89a,
586818ece4b08f246f0c4559,
58387a02e4b0bb9d647c96ed,
58417dcbe4b0bb9d69f9950b,
559fff54e4b0130b071cb5f1,
583dcf88e4b0bb9d66b5b2aa,
57408823e4b0d2e97793e850,
5686f04fe4b029b13f0f436d,
565c7c0ae4b0819f3a669c4d,
586aa3e6e4b08f2470303325,
58a35308e4b0040d0365a7af,
584c0c6fe4b0286c5137cca2,
563c3d6ce4b07887b4cfa2c6,
58a34560e4b0040d033ec429,
58835e95e4b08f2495234310,
577aaae7e4b06e596fce20fd,
56a0e88fe4b09669a0b3214a,
584adca3e4b0286c4fd3317c,
583dc453e4b0bb9d66a3ac9c,
58460355e4b0bb9d6f062211,
5846ec85e4b0bb9d70199989,
58346a1ce4b0bb9d63408053,
587d8861e4b08f248a6b575c,
56be9bc6e4b081940980b9ce,
579958e4e4b0d05022b3b88c,
5697e3eae4b096699af7eb79,
58b99644e4b0b6fcabff10c3,
56f98604e4b030e93f0d15a1,
58bd86fee4b0c7f389079335,
5845bc62e4b0bb9d6e6eb1fa,
577c28d1e4b06e59742a7118,
577a85ade4b06e596f6aa5d3,
55d70b56e4b015c917cb8b5b,
58a332a4e4b0040d02f7d83e,
561e9e6be4b0efa8a6da867e,
56b24fa6e4b0044c2ce6e07e,
57b210c6e4b0d050414666c6,
57c2f6b7e4b033e6ed27a7b9,
587f96eee4b08f248ee284f7,
589907b8e4b0040df7e8644b,
5829c2c9e4b051c58fb03608,
5892521ae4b08f24a7748dc4,
58a087dee4b0040dfeedbc20,
58aeeacfe4b0bf804ecb5d03,
58b482eee4b0bf8054a2f76b,
585bb457e4b08f246670ff26,
5758524ae4b0f03e18937f60,
586a9167e4b08f24701aca6c,
56b25c4ee4b0044c2cff6436,
57e51d66e4b0b41b4f68930c,
56f7e326e4b030e93dd89ed0,
58b30864e4b0bf8052ef00ba,
568d2939e4b05bcf3c630484,
58b9938ce4b0b6fcabfa019d,
5644e4e2e4b0f92a57152078,
575eb397e4b013cd5def2a9d,
58af1ddce4b0bf804f5ac03f,
5623b0bce4b02f6d9568e105,
5893a8f8e4b08f24a9ac4f65,
55ef9281e4b0a44ab963e054,
5866ae5fe4b08f246e6361f0,
58c06aa7e4b0bec08c6f25c0,
56d8935fe4b0b6f021ce4b20,
579bc9ece4b0d050262f35ea,
568a6a2ae4b0e9971ff69c12,
56796aafe4b0d5acf5083f41,
584d74fbe4b0286c524c8b00,
564708dee4b033d9d3b53d98,
5768b81be4b0ab6c4e887d35,
56feff46e4b0f1e5d2897b63,
58c2d103e4b0a6c9a0b5192d,
577f8f49e4b02aa0eb78d325,
58628977e4b08f246ae87b5c,
564d1dcee4b05a02bcd6a45c,
58581cdde4b08f2462ac99f5,
584e4812e4b0286c53066e60,
587c38a0e4b08f2487cdb914,
5898c638e4b0040df74b5a96,
56755dfae4b08b757dc5a978,
583c3bbae4b0bb9d65584adf,
55412650e4b050e8bd2683d2,
56cb8ecae4b0bd0e42c4c218,
58af087ae4b0bf804f17d175,
576c5578e4b02bf642157689,
56b12a7ce4b01d71c2d6cf10,
584ee591e4b0286c5417b159,
58ab9a7ae4b0bf804a4cad46,
583f6e23e4b0bb9d68410ad5,
584b0940e4b0286c504e74c6,
565e0b49e4b01bbf9f45db4b,
584452a2e4b0bb9d6cd71f5b,
554a65dde4b020ddbd7dfdd9,
58b81ec3e4b0b6fca9afa195,
5869b0fee4b08f246faa241e,
589b9e98e4b0040dfaf26652,
588b6203e4b08f249efb421b,
5841dfcfe4b0bb9d6ac0c4e7,
5783c5a4e4b02aa0edb19ad9,
55675b15e4b0d883af94a791,
557193d0e4b0a03135ab4b72,
58bec03be4b0bec089975681,
584ec027e4b0286c5381dc8c,
58b10688e4b0bf8051d954ac,
584ad025e4b0286c4fa02bcc,
58c59478e4b0a6c9a36798b2,
586d10a0e4b08f247278437a,
56fc28d3e4b030e941db53f0,
57a8c8dfe4b0d050354b6070,
557b3da2e4b0568a2d989419,
585afd75e4b08f24661ca6fb,
5845d81ae4b0bb9d6ebba4da,
58c7fed7e4b0d10d6c1ea00b,
58bda18de4b0bec08835dd45,
55a0487be4b0cff3602233ec,
563d4935e4b03fcc6c6c9c9e,
58b504e8e4b0d99c3e8d3fac,
584df7cee4b0286c52d21a59,
57276a08e4b0c402fb4e2995,
57c72a22e4b0924998661f41,
57968a8de4b0d0501eb8c982,
57d33486e4b084ddcce0071f,
569e68a8e4b096699ef841d0,
570be7c2e4b06ef481d8c5de,
588686f1e4b08f2498dd6230,
583357bae4b0bb9d62c68573,
57a9e736e4b0d05036ca54d5,
584ba225e4b0286c50febeb6,
55e35ba8e4b07221e8b879ad,
563a5c05e4b07887b317da2e,
588d06e8e4b08f24a0eddc23,
586e68afe4b08f24744a983e,
55fdbc03e4b005f201ead010,
54f78c15e4b058911ad4809a,
5556dd68e4b0f6f118a77144,
58bcfe9fe4b0b6fcaee995b6,
58796cb6e4b08f24849cfbb0,
5698607ae4b096699b74ea5e,
55f2d9fde4b05a3ee2a5225c,
587a7f49e4b08f2485d48358,
5772fd36e4b0eadcde0d5e2c,
576f240be4b02bf6456a73fe,
5863119ae4b08f246b985e75,
5854a801e4b08f245ed22018,
584db5bde4b0286c5293d55f,
5594148fe4b0f7a4d7490c07,
56a9156de4b092947fc8820b,
57b718a6e4b0104a2a6970dc,
58a8d462e4b074c63315b76e,
55bbce01e4b029da16ad9c42,
5753352ee4b0c6a2be08de6c,
58b4d07be4b0d99c3e640904,
57979196e4b0d050200bc756,
57b65ac4e4b0104a29b42a31,
58b9b103e4b0b6fcac3ec955,
58b059cee4b0bf8050ed7d0e,
586ffa88e4b08f2476d6d0bf,
564e3d5ee4b05a02bdd91fd9,
5776abf1e4b02aa0e124f8c0,
588a0677e4b08f249d1f33c7,
583e0a35e4b0bb9d67023788,
58494eb8e4b0286c4d354119,
57ca4194e4b092499cfbbdcc,
55e36040e4b07221e8be15fd,
58b0db53e4b0bf8051bb45b9,
554bb58ee4b01b9af22d630d,
5702808fe4b0f1e5d4fca37c,
58b0d57ee4b0bf8051b73e30,
56f1b8b5e4b030e9393db1ab,
55c0267ae4b0a5e80cc0eaa9,
58a91af6e4b074c6333997c8,
569938a1e4b096699bfc7a30,
586e8a4ae4b08f2474c1be83,
577accb4e4b02aa0e3693a25,
57d22176e4b00f8582f3cbf8,
56f09fe1e4b078dd3a024fa2,
57461a73e4b080abc070fcd4,
58431835e4b0bb9d6c0e9a76,
554a0fd8e4b0e740e44929c9,
58a4643de4b0040d04888bca,
58446824e4b0bb9d6cf097d1,
587a961fe4b08f2485fcd211,
58bb9463e4b0b6fcadfca337,
56f56d67e4b0ec1915d3dc2b,
570ae50ce4b06ef480e6ea43,
58b9ea39e4b0b6fcacaaeac0,
565bd51ce4b0819f39e02b8b,
56cb7692e4b0bd0e42aa3f12,
567bee29e4b0f7dc0f78a972,
57bd8900e4b033e6e6a7d891,
588b0791e4b08f249eab5d44,
585d5d28e4b08f246815d210,
586ac379e4b08f2470539024,
584b4729e4b0286c50bc660f,
584af79ce4b0286c5022cc81,
579a657de4b0d050242d99c5,
58719a13e4b08f247815ef33,
58a5edece4b074c62f7cd268,
58b0f9eee4b0bf8051d417bf,
58346076e4b0bb9d6335e326,
56731020e4b08b757c0eb4f4,
57c05856e4b033e6ead4254e,
5854011ee4b08f245d7fcfe7,
58517b8de4b065b077906bb3,
56748389e4b08b757d77fc78,
57a1ddf8e4b0d0502cea7303,
571c0140e4b0cd5767c121c1,
5845e838e4b0bb9d6edc41c1,
5867da9ee4b08f246ed62651,
589d382be4b0040dfcbdccf3,
554a8f10e4b020ddbd948a0f,
552fd991e4b08f883c63f81c,
5862947ce4b08f246b0f172e,
5839c3d3e4b0bb9d64bf00a6,
5815f735e4b04db4de7d6804,
56420f70e4b0f92a547624f1,
58b6eef8e4b0b6fca82fd426,
56b8ce95e4b09d5c80e05789,
571e5030e4b0c402f9514d92,
57c902d0e4b092499b3ac608,
57bf7f10e4b033e6ea048654,
57424fbae4b0d2e979692145,
5781a7fbe4b02aa0ecf01fda,
58a87e83e4b074c632b6b1fe,
587a2995e4b08f2485318ad5,
57b463f8e4b0104a262f6a4d,
57892f8be4b002265894e688,
585983e4e4b08f2464846643,
58b464e9e4b0bf80543eb9b1,
5846f022e4b0bb9d70218583,
585a7ef3e4b08f246521f1ee,
583e03eae4b0bb9d66faab04,
5710f75ae4b0cd575d2519d1,
564f9d37e4b05a02bf26f61a,
57579327e4b0f03e17284dff,
5656124ce4b0819f366a85f4,
5853ab69e4b08f245ced8f2a,
56ddab06e4b0b6f0246feb5a,
57cb3f6ae4b092499db26508,
586352f8e4b08f246bae1160,
584b5992e4b0286c50d437ee,
578b094ce4b0022659d9a7cb,
562ea746e4b05bcfe5a6ddc4,
58a1f9b8e4b0040d00d041b0,
57cf17f4e4b09249a12da8b0,
557efe51e4b0fa07f56ca34d,
58ae02d7e4b0bf804dfcfb2c,
584044d7e4b0bb9d68bfe96d,
58b08ca3e4b0bf80514f2497,
584059a5e4b0bb9d68eb9e94,
5658d5abe4b0819f3817f91a,
5689e4b3e4b029b13ffed776,
5699879fe4b096699c539b89,
583ef15ae4b0bb9d678fdffe,
58471277e4b0c75b2bae85cb,
584f1a27e4b0286c54bfd016,
57befc4ce4b033e6e8c6c114,
5838c0e1e4b0bb9d64960883,
57be3d0be4b033e6e83163b0,
58346847e4b0bb9d633edba3,
584dcf1ce4b0286c52ac615b,
553fe5c0e4b0d17be80be67f,
587e4693e4b08f248bb11598,
58500109e4b065b074fc49f0,
5877c7d2e4b08f2480b5dc90,
55d24d63e4b0ba7ec3d21645,
56f9e983e4b030e93f822d25,
5846cb59e4b0bb9d6fadfa3f,
573f8e06e4b0d2e976b3fdb4,
5696dc86e4b0753d6981d220,
585a955ce4b08f24656cb27f,
5622c62de4b02f6d953f26b2,
587d08a2e4b08f2489480cdb,
57dad8e5e4b01a79d8b21c71,
5889ebcee4b08f249cff0326,
5756f69fe4b0f03e156d5ee4,
58c2ce3ee4b0a6c9a0adb305,
56c8fc36e4b0bd0e41994e90,
586c7f05e4b08f2471ef40dc,
58449bdee4b0bb9d6d24546a,
56f19e02e4b030e93915ce71,
5852d04be4b08f245b850888,
58c9823fe4b0d10d6ee299b6,
584f6555e4b065b074809faa,
5666daa1e4b0bced055cf13e,
584ab77be4b0286c4f63a81a,
586fd17be4b08f2476845cb2,
589cc1bfe4b0040dfc2c5c41,
5678346ee4b0d5acf3e55605,
588b3327e4b08f249eb8fad3,
5662ed40e4b0100e846b0051,
57533e62e4b0c6a2be14d2a2,
561c4431e4b0efa8a53a8fa3,
570bb91ee4b06ef481667b27,
571e4420e4b0c402f91b6ef4,
586fb1e0e4b08f24762600c5,
56f03424e4b078dd397e4fdf,
558a5962e4b0604ed9871ce4,
577ff589e4b02aa0ec90772b,
58c08ac3e4b0bec08cab9172,
56008c34e4b0ffd776563da6,
55e1f550e4b07221e8024c6d,
5705f96ce4b0f1e5d9439a57,
58933fb0e4b08f24a86090a7,
586fcfc1e4b08f247681008a,
584085a6e4b0bb9d6947c3ef,
580b71c3e4b0b41b5465bf25,
584712bee4b0c75b2baf43d0,
573a3be2e4b02820492401c1,
5845c443e4b0bb9d6e87967c,
58a26ff6e4b0040d02150aed,
58b780efe4b0b6fca94f9962,
585816ede4b08f24629b7d2d,
58aa2a65e4b074c633d82d86,
57758749e4b0d30dccecf003,
5849a122e4b0286c4e0f2b72,
58bc2b85e4b0b6fcae34ec5a,
57c06046e4b033e6eae4b1f7,
563e26aae4b0a00ef1881a35,
562e5f6ce4b05bcfe54a7f1a,
56688754e4b098050754fdc3,
571a86e8e4b0cd5766a3a687,
57c9a9d6e4b092499bf7a915,
58911acee4b08f24a5f7a6c6,
58c57c25e4b0a6c9a347b5a6,
56aab1dce4b065da4182741c,
5864294be4b08f246c83dec5,
55b2d651e4b0e2e483190e20,
58b330c7e4b0bf80531063c2,
5848d4d3e4b0c75b2e618ad4,
574714a5e4b080abc1a14e6b,
583e10cbe4b0bb9d670976b5,
5792390ae4b0810ad9c38a1c,
58bd7464e4b0c7f388cecebb,
58c5d1cfe4b0a6c9a3a21bf7,
584c4a8ae4b0286c5193d0f3,
57d0cb29e4b00f858117d108,
5853d658e4b08f245d11eb5e,
584208f2e4b0bb9d6b0d46e7,
5876b4fae4b08f247e68e6c0,
569a9c07e4b096699ccf86d7,
56692101e4b0980507e408cb,
58c189ffe4b0bd0f4dc969c4,
5845b855e4b0bb9d6e65f9ad,
586bd07be4b08f2470f2e090,
56fed035e4b0f1e5d2445e15,
5704f9a6e4b0f1e5d7d4ec3f,
58245840e4b051c58e901755,
580e4c20e4b04db4dda65524,
57ecbbe4e4b0b41b508d9219,
565f89eae4b01bbfa0c5d652,
561fd9eae4b02f6d93800daf,
55356febe4b0d3cafbac26d0,
58b22ca3e4b0bf80529a7693,
57d04483e4b09249a2be0307,
58adc21fe4b0bf804d73ebbc,
58befceae4b0bec08a583277,
589606ade4b08f24abeb1682,
58acc45ce4b0bf804c60a5fc,
56d38a32e4b03f4ca32dfcb4,
58989180e4b0040df6af8323,
584213c4e4b0bb9d6b1f097b,
5852a7c9e4b08f245b00731d,
585d4dffe4b08f2467f41146,
5869a5f2e4b08f246fa4e762,
587924b6e4b08f2483d89c4e,
58c290ace4b0a6c9a03e94d7,
56552368e4b0819f359d6ed0,
5853f6a8e4b08f245d59e330,
58bae368e4b0b6fcad5be57a,
569b92cee4b096699d1d18e7,
58554711e4b08f245f35bdbd,
586290cae4b08f246b064bac,
58626bbee4b08f246a94abac,
5839c7bae4b0bb9d64c0fdff,
587bf1f6e4b08f248761db0f,
58af6031e4b0bf8050085467,
5858e701e4b08f246385d1cb,
56e023fae4b0b6f0263d42ec,
588a39efe4b08f249dc06bac,
588f5f37e4b08f24a2d827b9,
5565dc88e4b0e3d949c488e2,
58864680e4b08f249848c47b,
5624eb0ce4b02f6d95eca52a,
56e69af7e4b0a9e4c8aa7975,
552c2a4be4b0097cf37299f7,
55f8577fe4b005f2fd32eaac,
574fd3c7e4b0c6a2b91d0de8,
58b5050ce4b0d99c3e8d4601,
57c0cc74e4b033e6eb9aa5e1,
56a17a8ce4b09669a1638d42,
58bedf31e4b0bec089f3ee8e,
56b8da75e4b0044c31432afc,
565a4266e4b0819f38fc5e8f,
56ad7fe6e4b0138a4ac8bd78,
5552091de4b022d8217f6a9e,
5839df2ce4b0bb9d64d089bb,
5878f00ce4b08f2482ef05a6,
58c2d8b8e4b0a6c9a0cdc822,
589f1ff4e4b0040dfe58a0be,
558983b1e4b0604ed887d3a3,
567834f9e4b0d5acf3e6cbb0,
574cb990e4b080abc734c8fd,
5848316be4b0c75b2d1a5845,
58375246e4b0bb9d6438906f,
56957690e4b0966999569f11,
584c34d1e4b0286c517493e1,
570130b1e4b0f1e5d3f102f2,
57a319a6e4b0d0502ebe1f46,
58750ecbe4b08f247b130130,
57470785e4b080abc17dc13e,
555529e9e4b0f6f1176168ee,
56e70271e4b0a9e4c93d4e9e,
583874a0e4b0bb9d6478be73,
567e92ace4b0d5acf7b44037,
58bf13d5e4b0bec08a96be26,
57b68657e4b0104a29e4b661,
57b20321e4b0d050411d38f3,
570c477de4b06ef48277f85e,
57bdeb2ce4b033e6e7a8f6b4,
58585e2ce4b08f246336ac39,
57d93b85e4b084ddd3291919,
585db22be4b08f24686c2a8c,
56738342e4b08b757c827154,
5842233ce4b0bb9d6b379701,
585d383ae4b08f2467b84b9b,
574cf1cce4b080abc770ad16,
585d7f19e4b08f246847a621,
56746386e4b08b757d4fe73f,
57b6f0d7e4b0104a2a20b9bc,
565c926ee4b0819f3aa24ca5,
58a4b20ce4b0040d055815f7,
5824ed40e4b051c58eee18a7,
56677925e4b09805063f7a83,
58b4542de4b0bf80540267c5,
58c0086ce4b0bec08b82e666,
58bda6e8e4b0bec088474c71,
56a80a22e4b0d9d0af75de74,
58237867e4b051c58e10f76c,
583fa2efe4b0bb9d686407fb,
557231bde4b0a03136b939f4,
58532766e4b08f245c5e79cc,
587b8970e4b08f2486b454f5,
57765193e4b02aa0e0362ba7,
588e6113e4b08f24a1da0e65,
57595b6ee4b013cd53b0e8b1,
56c2379ae4b081940adc6ebd,
58b6958ce4b0b6fca7b89b91,
58bb3e26e4b0b6fcadc45506,
586f4d7ce4b08f2475a7662f,
583e587de4b0bb9d673be0e3,
569035e8e4b08fd4695fc07c,
58a1e561e4b0040d007a878e,
577fcc09e4b02aa0ec540ee3,
58766da1e4b08f247d50e079,
564d1821e4b05a02bcd2a707,
587a326ce4b08f2485400a87,
58523907e4b08f245aade251,
58c81cd1e4b0d10d6c821882,
586e7116e4b08f247471b737,
58863183e4b08f2497fe3641,
5893ecd7e4b08f24aa0cb262,
57703637e4b02bf64658746c,
56f466c2e4b030e93bb9b2cd,
588fbc60e4b08f24a407856a,
5838b70ce4b0bb9d6493b64e,
5637770ae4b07887b0652c8a,
56fad75fe4b030e940665c15,
57c35f03e4b033e6ed976165,
585db83ce4b08f24687124a4,
583dc459e4b0bb9d66a3b3e1,
584376fee4b0bb9d6c666d4f,
56968827e4b0966999eef104,
58509e04e4b065b0769d5ca7,
568b091ce4b0e99720844f7f,
5653370de4b05a02c10694bc,
58af8d2ae4b0bf805047befa,
55f33b4ae4b05a3ee35589ae,
5672df3ae4b08b757ba0e08b,
577bbe46e4b02aa0e45f8b95,
58504c48e4b065b075f31028,
57578ed9e4b0f03e17255818,
587fbaeae4b08f248f797159,
58584ab0e4b08f246319189a,
55c77324e4b0c2b5dfa564b8,
573d25a5e4b0d2e9725073d4,
57642f1ae4b01f75409b721e,
57026bace4b0f1e5d4c789d3,
58be5625e4b0bec089564e6c,
58759c49e4b08f247c345504,
585e7df9e4b08f2468b79291,
5881d67ae4b08f249357b29e,
58813ffae4b08f2492b6f79c,
58b6d731e4b0b6fca7f146d4,
55f7423de4b05a3ee6388c95,
585741d9e4b08f246153722e,
5846d5b5e4b0bb9d6fd25970,
584c2bb4e4b0286c5168da54,
5861ab1fe4b08f246a3477d6,
58bed165e4b0bec089c60056,
58597e2fe4b08f24647e27e8,
56b38494e4b0044c2de14278,
577092ace4b02bf646e46aa6,
571e3d7de4b0c402f8fc17f6,
584bdce3e4b0286c51149392,
58acd0e5e4b0bf804c7859dc,
576eb298e4b02bf644a14c46,
5894a787e4b08f24aa9de296,
58c33cfee4b0a6c9a19ec035,
56730de0e4b08b757c0ba9c7,
58765896e4b08f247d075fbb,
57efc8dee4b0b41b518e992a,
562ea016e4b05bcfe59ed5de,
5855f9d1e4b08f24601fbaa6,
589e13a4e4b0040dfd92ecfc,
564d4822e4b05a02bceab68f,
588d48f2e4b08f24a124d86b,
58a87fe0e4b074c632b7b8ee,
564fbf95e4b05a02bf3aba2a,
57829dd4e4b02aa0ed1f1970,
5862a82ce4b08f246b3de66e,
585558e7e4b08f245f59233f,
5663157ae4b0100e84a0566f,
56702a96e4b08b75784d1607,
586e6b7ae4b08f24745801d5,
5848be7ee4b0c75b2e4220c5,
585aa0ade4b08f2465924b7d,
559ed5e2e4b0c945a7ca8158,
567990cbe4b0d5acf55c9e21,
563a7441e4b07887b33a809a,
5799290be4b0d05022618877,
570ec5cae4b06ef485417dd7,
565f1fcde4b01bbfa01792b4,
555e2d3ce4b0b12d56c30d74,
5858555fe4b08f246328432b,
5884f0c5e4b08f2496737eb3,
57503b74e4b0c6a2b97d9371,
58b9baabe4b0b6fcac53670c,
584f1522e4b0286c54b15ba8,
57b39838e4b0104a255532d2,
568d2150e4b05bcf3c5cf0cb,
58793333e4b08f2484071c32,
58a218abe4b0040d0153f2ff,
56567540e4b0819f36bd0236,
574e649be4b061d2c43fcb13,
58598acde4b08f24648c8da9,
55c37187e4b0a5e80ffa2bfb,
587a7d2be4b08f2485d0e3ff,
5845975de4b0bb9d6e197f4b,
58901f11e4b08f24a48173ab,
584267efe4b0bb9d6b6fe613,
58781b98e4b08f2481b0632b,
577d208de4b02aa0e8061bc3,
58cac36de4b0b0437b1aaca2,
565fa29ee4b01bbfa0da7cab,
586e96e5e4b08f2474df7365,
577011c6e4b02bf6461b5715,
585a96c1e4b08f246571ccb9,
587199afe4b08f247815c26a,
576f2a3ae4b02bf645724542,
57a87ed1e4b0d050347c38ab,
56fabe43e4b030e9402ed5c1,
56631d82e4b0100e84acd1bb,
58c186b6e4b0bd0f4db84468,
54dba4abe4b014f99557d7e3,
5821f9eae4b051c58d87f779,
578f9127e4b0810ad5e2f740,
585916e2e4b08f24639a0c61,
566c8c89e4b098050b538afc,
583f2b07e4b0bb9d67f544f9,
5844b8d3e4b0bb9d6d3d6979,
579a30b3e4b0d050239d810d,
567ab79fe4b0f7dc0ba7c416,
577e9047e4b02aa0eac9b3a5,
57c070f2e4b033e6eb06df36,
5575dda0e4b079eb254cfb7a,
5857f6f1e4b08f24620be89c,
588a2aaae4b08f249d91bf0b,
5660f1cfe4b0100e830592f1,
583cd0ade4b0bb9d660593e3,
569408abe4b08fd46b676407,
55cc7d16e4b013257b7ee7de,
58b6e887e4b0b6fca819f429,
56748fb0e4b08b757d875a46,
58b5190be4b0d99c3e94aace,
56abdc03e4b0138a4a20d844,
56d7ef5ae4b0b6f02161e022,
565cdbfbe4b0819f3b4b459c,
56b125d9e4b01d71c2d39f5a,
587c1c47e4b08f2487a140d3,
57710803e4b0cd06517a2e3e,
559df03be4b08bf826be5bcf,
5616a426e4b0ffd79c298f39,
577a9d23e4b02aa0e3242360,
56e82a3de4b0a9e4ca16435c,
5663d4bfe4b0100e853dfbdf,
589321e7e4b08f24a83403ab,
589dd4d6e4b0040dfd191934,
5839ec16e4b0bb9d64d94719,
5797aa85e4b0d0502045e153,
5845cb21e4b0bb9d6e983fd2,
58ab8ccae4b0bf804a405a66,
56ffec8ce4b0f1e5d318dfb6,
583816c1e4b0bb9d6444e445,
54ea067fe4b0e9eaee82b86a,
57a90748e4b0d05035f4d236,
58c242cae4b0a6c9a01ffaf7,
56d9c5fbe4b0b6f0227defa8,
58b58f2be4b0b6fca64d2b55,
568d466ce4b05bcf3c7c1153,
5856cd2ae4b08f2460ccc4f9,
58c02aeee4b0bec08bd73210,
569732d5e4b096699a7ae363,
583624d5e4b0bb9d641ded40,
58473d4ae4b0c75b2c142fe7,
586e9706e4b08f2474df9bf4,
56f020bbe4b078dd394ff51d,
5688a195e4b029b13f9ee79e,
5880d3cfe4b08f2491506a20,
5791994ee4b0810ad94063d4,
57b36952e4b0104a24e9cd84,
5536b9b2e4b0db12f4d08f11,
564cf6d6e4b05a02bcaf9fb5,
5892ebd6e4b08f24a8236bf6,
5682321de4b0d5acf95b0f75,
58ba3bbce4b0b6fcacfb2350,
55b02a17e4b0d1501b06967d,
576013b4e4b06d12e8805703,
55a85655e4b087cd88ce270e,
58b2efb3e4b0bf8052dd8f7c,
56e9d111e4b0b8016190e205,
58b74155e4b0b6fca8f39a75,
5843606fe4b0bb9d6c56c614,
5884f4fae4b08f2496799a2f,
562d6c73e4b003d9aaafd566,
573a1da3e4b0282048fd95cd,
57d42320e4b084ddcd95c7fe,
585be789e4b08f2466c702b8,
584eba0be4b0286c53707646,
566b06f9e4b098050a075352,
587642d7e4b08f247cc22683,
56acbc09e4b0138a4a64cb46,
575080d0e4b0c6a2ba657584,
56bbab48e4b07b7bd7a01d0c,
588a2774e4b08f249d82da13,
56ba043ae4b0044c31fbe9cf,
57350ad6e4b030338f759531,
568ad0dee4b0e997205b8de8,
57b8ebf5e4b0104a2c19ff01,
5870181de4b08f24770560e1,
57d1f3cce4b00f8582bfb4cb,
587eb0d7e4b08f248d5b4f99,
588ffd4de4b08f24a465d02d,
575108b1e4b061d2cd13a3ba,
58424f6ce4b0bb9d6b641cb6,
58594873e4b08f246401b34c,
57cb247be4b092499d8f0d05,
56a0143de4b09669a06038e4,
5853c53ae4b08f245cfdd1d4,
55ba6916e4b015ef3e342fe9,
56f0511be4b078dd39aeb223,
566342fce4b0100e84e79b61,
56630ddbe4b0100e8495d7d9,
57502078e4b0c6a2b9439ae3,
57d60757e4b084ddcf05cdad,
5894b49be4b08f24aac960fb,
56ad2e87e4b0138a4aace112,
5849c2a2e4b0286c4e624103,
56786889e4b0d5acf45e825c,
573e4593e4b0d2e9748a5b53,
56845261e4b0d5acfad4209b,
5856e79de4b08f2460f9d121,
58362bf3e4b0bb9d64221903,
552ed26ae4b04c4fa9920036,
5706523ee4b06ef47cd41fc4,
5825af9be4b051c58f1911f1,
58b9dc7be4b0b6fcac965ad9,
58546c54e4b08f245e96ba2e,
